code,name,hierarchy_level,hierarchy_level_name,parent_loc_code,lang_code,is_active,cr_by,cr_dtimes
GN,GUINEE,0,PAYS,,fra,TRUE,superadmin,now()
4,BOKE,1,REGION,GN,fra,TRUE,superadmin,now()
004,BOFFA,2,PREFECTURE,4,fra,TRUE,superadmin,now()
00401,CU-BOFFA,3,SOUS_PREFECTURE_OU_COMMUNE,004,fra,TRUE,superadmin,now()
0040101,ALMAMYA I,4,DISTRICT,00401,fra,TRUE,superadmin,now()
004010101,PORT I,5,SECTEUR,0040101,fra,TRUE,superadmin,now()
004010102,PORT II,5,SECTEUR,0040101,fra,TRUE,superadmin,now()
0040102,ALMAMYA II,4,DISTRICT,00401,fra,TRUE,superadmin,now()
004010201,JARDIN,5,SECTEUR,0040102,fra,TRUE,superadmin,now()
004010202,MARCHE,5,SECTEUR,0040102,fra,TRUE,superadmin,now()
004010203,PETIT PORT,5,SECTEUR,0040102,fra,TRUE,superadmin,now()
0040103,BALANDOUGOU,4,DISTRICT,00401,fra,TRUE,superadmin,now()
004010301,BALANDOUGOU CENTRE,5,SECTEUR,0040103,fra,TRUE,superadmin,now()
004010302,DONDE,5,SECTEUR,0040103,fra,TRUE,superadmin,now()
004010303,NAFAYA,5,SECTEUR,0040103,fra,TRUE,superadmin,now()
004010304,WOFIA,5,SECTEUR,0040103,fra,TRUE,superadmin,now()
004010305,WOURIGBE,5,SECTEUR,0040103,fra,TRUE,superadmin,now()
0040104,BOLONDE I,4,DISTRICT,00401,fra,TRUE,superadmin,now()
004010401,KONDJEYAH,5,SECTEUR,0040104,fra,TRUE,superadmin,now()
004010402,SECTEUR II,5,SECTEUR,0040104,fra,TRUE,superadmin,now()
004010403,TP,5,SECTEUR,0040104,fra,TRUE,superadmin,now()
0040105,BOLONDE II,4,DISTRICT,00401,fra,TRUE,superadmin,now()
004010501,SECTEUR I,5,SECTEUR,0040105,fra,TRUE,superadmin,now()
0040106,DAR ES SALAM,4,DISTRICT,00401,fra,TRUE,superadmin,now()
004010601,DAR-ES-SALAM CENTRE,5,SECTEUR,0040106,fra,TRUE,superadmin,now()
004010602,TOBIRI,5,SECTEUR,0040106,fra,TRUE,superadmin,now()
0040107,DOBIRET,4,DISTRICT,00401,fra,TRUE,superadmin,now()
004010701,DOBIRET CENTRE,5,SECTEUR,0040107,fra,TRUE,superadmin,now()
004010702,SIBILA,5,SECTEUR,0040107,fra,TRUE,superadmin,now()
0040108,DOMINGHIA,4,DISTRICT,00401,fra,TRUE,superadmin,now()
004010801,DOMINGHIA CENTRE,5,SECTEUR,0040108,fra,TRUE,superadmin,now()
004010802,KOITE,5,SECTEUR,0040108,fra,TRUE,superadmin,now()
004010803,TAMBONI,5,SECTEUR,0040108,fra,TRUE,superadmin,now()
004010804,TOUGUI KEREN,5,SECTEUR,0040108,fra,TRUE,superadmin,now()
0040109,FARENGHIA,4,DISTRICT,00401,fra,TRUE,superadmin,now()
004010901,FARENGHIA CENTRE,5,SECTEUR,0040109,fra,TRUE,superadmin,now()
004010902,FOUNNE KHOURE,5,SECTEUR,0040109,fra,TRUE,superadmin,now()
0040110,KHATIA,4,DISTRICT,00401,fra,TRUE,superadmin,now()
004011001,BALLAYA,5,SECTEUR,0040110,fra,TRUE,superadmin,now()
004011002,BAMIKHOURE,5,SECTEUR,0040110,fra,TRUE,superadmin,now()
004011003,KAKILE,5,SECTEUR,0040110,fra,TRUE,superadmin,now()
004011004,KHATIA CENTRE,5,SECTEUR,0040110,fra,TRUE,superadmin,now()
004011005,KOLIADI,5,SECTEUR,0040110,fra,TRUE,superadmin,now()
0040111,KOSSINSING,4,DISTRICT,00401,fra,TRUE,superadmin,now()
004011101,KOSSINSING CENTRE,5,SECTEUR,0040111,fra,TRUE,superadmin,now()
004011102,MADINA,5,SECTEUR,0040111,fra,TRUE,superadmin,now()
004011103,NERIBOUNYI,5,SECTEUR,0040111,fra,TRUE,superadmin,now()
0040112,LAKHATA,4,DISTRICT,00401,fra,TRUE,superadmin,now()
004011201,FAYANGA,5,SECTEUR,0040112,fra,TRUE,superadmin,now()
004011202,KALECTE,5,SECTEUR,0040112,fra,TRUE,superadmin,now()
004011203,LAKHATA CENTRE,5,SECTEUR,0040112,fra,TRUE,superadmin,now()
004011204,MADINA,5,SECTEUR,0040112,fra,TRUE,superadmin,now()
004011205,SAWENI,5,SECTEUR,0040112,fra,TRUE,superadmin,now()
004011206,TOMBOYA,5,SECTEUR,0040112,fra,TRUE,superadmin,now()
0040113,LONKING,4,DISTRICT,00401,fra,TRUE,superadmin,now()
004011301,BACCORO,5,SECTEUR,0040113,fra,TRUE,superadmin,now()
004011302,BELENYA,5,SECTEUR,0040113,fra,TRUE,superadmin,now()
004011303,FILIFORE,5,SECTEUR,0040113,fra,TRUE,superadmin,now()
004011304,GBEFOUTOU,5,SECTEUR,0040113,fra,TRUE,superadmin,now()
004011305,KOUMBOUYA,5,SECTEUR,0040113,fra,TRUE,superadmin,now()
004011306,LONKING CENTRE,5,SECTEUR,0040113,fra,TRUE,superadmin,now()
004011307,SAMBAYA-BANGALAN,5,SECTEUR,0040113,fra,TRUE,superadmin,now()
004011308,YILIGUIRA,5,SECTEUR,0040113,fra,TRUE,superadmin,now()
0040114,MARARA,4,DISTRICT,00401,fra,TRUE,superadmin,now()
004011401,CONAKRYDI,5,SECTEUR,0040114,fra,TRUE,superadmin,now()
004011402,MARARA CENTRE,5,SECTEUR,0040114,fra,TRUE,superadmin,now()
004011403,TOROFILY,5,SECTEUR,0040114,fra,TRUE,superadmin,now()
0040115,SAKAMA,4,DISTRICT,00401,fra,TRUE,superadmin,now()
004011501,SAKAMA CENTRE,5,SECTEUR,0040115,fra,TRUE,superadmin,now()
0040116,SEKHEBADE,4,DISTRICT,00401,fra,TRUE,superadmin,now()
004011601,FANYETA,5,SECTEUR,0040116,fra,TRUE,superadmin,now()
004011602,KHERABOUI,5,SECTEUR,0040116,fra,TRUE,superadmin,now()
004011603,SAGNA PAULIA,5,SECTEUR,0040116,fra,TRUE,superadmin,now()
004011604,SEKHEBADE CENTRE,5,SECTEUR,0040116,fra,TRUE,superadmin,now()
0040117,THIA,4,DISTRICT,00401,fra,TRUE,superadmin,now()
004011701,GBANYARA,5,SECTEUR,0040117,fra,TRUE,superadmin,now()
004011702,GUEAMA,5,SECTEUR,0040117,fra,TRUE,superadmin,now()
004011703,KOUTAYA,5,SECTEUR,0040117,fra,TRUE,superadmin,now()
004011704,MEYENKHOURE,5,SECTEUR,0040117,fra,TRUE,superadmin,now()
004011705,SANTANY,5,SECTEUR,0040117,fra,TRUE,superadmin,now()
004011706,SOFINET,5,SECTEUR,0040117,fra,TRUE,superadmin,now()
004011707,TAFORI,5,SECTEUR,0040117,fra,TRUE,superadmin,now()
004011708,TANENE,5,SECTEUR,0040117,fra,TRUE,superadmin,now()
0040118,TORODOYAH,4,DISTRICT,00401,fra,TRUE,superadmin,now()
004011801,BANGOUYAH,5,SECTEUR,0040118,fra,TRUE,superadmin,now()
004011802,KOUKOUBOUI,5,SECTEUR,0040118,fra,TRUE,superadmin,now()
004011803,TORODOYAH CENTRE,5,SECTEUR,0040118,fra,TRUE,superadmin,now()
0040119,WALIA,4,DISTRICT,00401,fra,TRUE,superadmin,now()
004011901,DEMBAYA,5,SECTEUR,0040119,fra,TRUE,superadmin,now()
004011902,GANGAN,5,SECTEUR,0040119,fra,TRUE,superadmin,now()
004011903,HAMDALLAYE,5,SECTEUR,0040119,fra,TRUE,superadmin,now()
004011904,KISSING,5,SECTEUR,0040119,fra,TRUE,superadmin,now()
004011905,NYENGUENYAH,5,SECTEUR,0040119,fra,TRUE,superadmin,now()
004011906,TONIA,5,SECTEUR,0040119,fra,TRUE,superadmin,now()
004011907,WALIA CENTRE,5,SECTEUR,0040119,fra,TRUE,superadmin,now()
0040120,WEREYAH,4,DISTRICT,00401,fra,TRUE,superadmin,now()
004012001,FOUNTAN,5,SECTEUR,0040120,fra,TRUE,superadmin,now()
004012002,GBAKOUYAH,5,SECTEUR,0040120,fra,TRUE,superadmin,now()
004012003,KHOURETA,5,SECTEUR,0040120,fra,TRUE,superadmin,now()
004012004,SAGNA SOSSOTA,5,SECTEUR,0040120,fra,TRUE,superadmin,now()
004012005,SEKHEKHOURE,5,SECTEUR,0040120,fra,TRUE,superadmin,now()
004012006,WEREYA CENTRE,5,SECTEUR,0040120,fra,TRUE,superadmin,now()
0040121,YIMMAYA,4,DISTRICT,00401,fra,TRUE,superadmin,now()
004012101,BARALANDE,5,SECTEUR,0040121,fra,TRUE,superadmin,now()
004012102,DOBA-ASKANDARI,5,SECTEUR,0040121,fra,TRUE,superadmin,now()
004012103,SOUMBOUROU,5,SECTEUR,0040121,fra,TRUE,superadmin,now()
004012104,YIMMAYA CENTRE,5,SECTEUR,0040121,fra,TRUE,superadmin,now()
00402,DOUPROU,3,SOUS_PREFECTURE_OU_COMMUNE,004,fra,TRUE,superadmin,now()
0040201,BANDEYINDE,4,DISTRICT,00402,fra,TRUE,superadmin,now()
004020101,BANDEYINDE CENTRE,5,SECTEUR,0040201,fra,TRUE,superadmin,now()
004020102,TOROBADE,5,SECTEUR,0040201,fra,TRUE,superadmin,now()
004020103,YEREYADY,5,SECTEUR,0040201,fra,TRUE,superadmin,now()
0040202,BOUREKHEBADE,4,DISTRICT,00402,fra,TRUE,superadmin,now()
004020201,BOUREKHEBADE CENTRE,5,SECTEUR,0040202,fra,TRUE,superadmin,now()
004020202,DEMBISSA,5,SECTEUR,0040202,fra,TRUE,superadmin,now()
004020203,KANSIGUIRIDE,5,SECTEUR,0040202,fra,TRUE,superadmin,now()
004020204,KOUNTOULOUN,5,SECTEUR,0040202,fra,TRUE,superadmin,now()
004020205,LINKHIN,5,SECTEUR,0040202,fra,TRUE,superadmin,now()
004020206,SARAYAH,5,SECTEUR,0040202,fra,TRUE,superadmin,now()
0040203,DOUPROU,4,DISTRICT,00402,fra,TRUE,superadmin,now()
004020301,DOUPROU CENTRE,5,SECTEUR,0040203,fra,TRUE,superadmin,now()
004020302,SIBOTY,5,SECTEUR,0040203,fra,TRUE,superadmin,now()
004020303,YAMBOURASSA,5,SECTEUR,0040203,fra,TRUE,superadmin,now()
0040204,KOUKOUDE,4,DISTRICT,00402,fra,TRUE,superadmin,now()
004020401,KOUKOUDE I,5,SECTEUR,0040204,fra,TRUE,superadmin,now()
004020402,KOUKOUDE II,5,SECTEUR,0040204,fra,TRUE,superadmin,now()
0040205,KOUMBAYAH,4,DISTRICT,00402,fra,TRUE,superadmin,now()
004020501,KOUNOUBOUI,5,SECTEUR,0040205,fra,TRUE,superadmin,now()
004020502,KOUMBAYAH CENTRE,5,SECTEUR,0040205,fra,TRUE,superadmin,now()
004020503,MORIADY,5,SECTEUR,0040205,fra,TRUE,superadmin,now()
004020504,MORIAGBE,5,SECTEUR,0040205,fra,TRUE,superadmin,now()
0040206,KOUNDINDE,4,DISTRICT,00402,fra,TRUE,superadmin,now()
004020601,KOUNDINDE CENTRE,5,SECTEUR,0040206,fra,TRUE,superadmin,now()
004020602,TOUNGNIFILIDY,5,SECTEUR,0040206,fra,TRUE,superadmin,now()
0040207,POUKHOUN,4,DISTRICT,00402,fra,TRUE,superadmin,now()
004020701,BOULAMA,5,SECTEUR,0040207,fra,TRUE,superadmin,now()
004020702,POUKHOUN CENTRE,5,SECTEUR,0040207,fra,TRUE,superadmin,now()
0040208,SIRANKA,4,DISTRICT,00402,fra,TRUE,superadmin,now()
004020801,BONGOLON,5,SECTEUR,0040208,fra,TRUE,superadmin,now()
004020802,SIRANKA CENTRE,5,SECTEUR,0040208,fra,TRUE,superadmin,now()
0040209,SOBANET,4,DISTRICT,00402,fra,TRUE,superadmin,now()
004020901,BILINSADE,5,SECTEUR,0040209,fra,TRUE,superadmin,now()
004020902,GORET,5,SECTEUR,0040209,fra,TRUE,superadmin,now()
004020903,SOBANET CENTRE,5,SECTEUR,0040209,fra,TRUE,superadmin,now()
004020904,YEREYAH,5,SECTEUR,0040209,fra,TRUE,superadmin,now()
004020905,YOUMALENYAH,5,SECTEUR,0040209,fra,TRUE,superadmin,now()
00403,KOBA,3,SOUS_PREFECTURE_OU_COMMUNE,004,fra,TRUE,superadmin,now()
0040301,BANGOUYA,4,DISTRICT,00403,fra,TRUE,superadmin,now()
004030101,BANGOUYA CENTRE,5,SECTEUR,0040301,fra,TRUE,superadmin,now()
004030102,KAMBIA,5,SECTEUR,0040301,fra,TRUE,superadmin,now()
0040302,BASSENGUE,4,DISTRICT,00403,fra,TRUE,superadmin,now()
004030201,KABALE,5,SECTEUR,0040302,fra,TRUE,superadmin,now()
004030202,KATEP,5,SECTEUR,0040302,fra,TRUE,superadmin,now()
004030203,MANKOURA,5,SECTEUR,0040302,fra,TRUE,superadmin,now()
004030204,SABENDE,5,SECTEUR,0040302,fra,TRUE,superadmin,now()
0040303,BOORO KITTO,4,DISTRICT,00403,fra,TRUE,superadmin,now()
004030301,BOORO CENTRE,5,SECTEUR,0040303,fra,TRUE,superadmin,now()
004030302,DOYEMA,5,SECTEUR,0040303,fra,TRUE,superadmin,now()
004030303,KATANDE,5,SECTEUR,0040303,fra,TRUE,superadmin,now()
004030304,MARAMPA,5,SECTEUR,0040303,fra,TRUE,superadmin,now()
004030305,SINENE,5,SECTEUR,0040303,fra,TRUE,superadmin,now()
0040304,DIXINN I,4,DISTRICT,00403,fra,TRUE,superadmin,now()
004030401,BAKOUMPOU,5,SECTEUR,0040304,fra,TRUE,superadmin,now()
004030402,BOKHINENE,5,SECTEUR,0040304,fra,TRUE,superadmin,now()
004030403,DIXINN CENTRE I,5,SECTEUR,0040304,fra,TRUE,superadmin,now()
0040305,DIXINN II,4,DISTRICT,00403,fra,TRUE,superadmin,now()
004030501,BENDE FIKHE,5,SECTEUR,0040305,fra,TRUE,superadmin,now()
004030502,DIXINN CENTRE II,5,SECTEUR,0040305,fra,TRUE,superadmin,now()
004030503,FILIDE,5,SECTEUR,0040305,fra,TRUE,superadmin,now()
0040306,DONYA,4,DISTRICT,00403,fra,TRUE,superadmin,now()
004030601,BOLONTA,5,SECTEUR,0040306,fra,TRUE,superadmin,now()
004030602,DONYA CENTRE,5,SECTEUR,0040306,fra,TRUE,superadmin,now()
004030603,GBERMAKARE,5,SECTEUR,0040306,fra,TRUE,superadmin,now()
0040307,KARAMOKHOYA,4,DISTRICT,00403,fra,TRUE,superadmin,now()
004030701,BAKIA,5,SECTEUR,0040307,fra,TRUE,superadmin,now()
004030702,DATAPA,5,SECTEUR,0040307,fra,TRUE,superadmin,now()
004030703,KARAMOKOYA CENTRE,5,SECTEUR,0040307,fra,TRUE,superadmin,now()
0040308,KOBARARE,4,DISTRICT,00403,fra,TRUE,superadmin,now()
004030801,KINDIADI,5,SECTEUR,0040308,fra,TRUE,superadmin,now()
004030802,KOBARARE CENTRE,5,SECTEUR,0040308,fra,TRUE,superadmin,now()
004030803,MADINA,5,SECTEUR,0040308,fra,TRUE,superadmin,now()
004030804,MAKINSY II,5,SECTEUR,0040308,fra,TRUE,superadmin,now()
0040309,KONIBALE,4,DISTRICT,00403,fra,TRUE,superadmin,now()
004030901,KONIBALE I,5,SECTEUR,0040309,fra,TRUE,superadmin,now()
004030902,KONIBALE II,5,SECTEUR,0040309,fra,TRUE,superadmin,now()
004030903,MABASSA,5,SECTEUR,0040309,fra,TRUE,superadmin,now()
004030904,ROKONI,5,SECTEUR,0040309,fra,TRUE,superadmin,now()
004030905,TOUMBOUYA,5,SECTEUR,0040309,fra,TRUE,superadmin,now()
0040310,KOTEYA - KITTO,4,DISTRICT,00403,fra,TRUE,superadmin,now()
004031001,BALANCERA,5,SECTEUR,0040310,fra,TRUE,superadmin,now()
004031002,DOUYERA,5,SECTEUR,0040310,fra,TRUE,superadmin,now()
004031003,KOTEYA I,5,SECTEUR,0040310,fra,TRUE,superadmin,now()
004031004,KOTEYA II,5,SECTEUR,0040310,fra,TRUE,superadmin,now()
0040311,M'BENDIA,4,DISTRICT,00403,fra,TRUE,superadmin,now()
004031101,DEKOURI II,5,SECTEUR,0040311,fra,TRUE,superadmin,now()
004031102,M'BENDIA CENTRE,5,SECTEUR,0040311,fra,TRUE,superadmin,now()
004031103,TAIBATA II,5,SECTEUR,0040311,fra,TRUE,superadmin,now()
0040312,MAKINSY,4,DISTRICT,00403,fra,TRUE,superadmin,now()
004031201,DUBREKADI,5,SECTEUR,0040312,fra,TRUE,superadmin,now()
004031202,FIKHEMA,5,SECTEUR,0040312,fra,TRUE,superadmin,now()
004031203,MAKINSY I,5,SECTEUR,0040312,fra,TRUE,superadmin,now()
004031204,ROKITI,5,SECTEUR,0040312,fra,TRUE,superadmin,now()
004031205,TOMBE,5,SECTEUR,0040312,fra,TRUE,superadmin,now()
0040313,SAYONYA,4,DISTRICT,00403,fra,TRUE,superadmin,now()
004031301,BOUSSOURA,5,SECTEUR,0040313,fra,TRUE,superadmin,now()
004031302,DEKOURI I,5,SECTEUR,0040313,fra,TRUE,superadmin,now()
004031303,SAYONYA CENTRE,5,SECTEUR,0040313,fra,TRUE,superadmin,now()
004031304,TAIBATA I,5,SECTEUR,0040313,fra,TRUE,superadmin,now()
0040314,SOUGUEBOUNYI,4,DISTRICT,00403,fra,TRUE,superadmin,now()
004031401,KABELEYA I,5,SECTEUR,0040314,fra,TRUE,superadmin,now()
004031402,KABELEYA II,5,SECTEUR,0040314,fra,TRUE,superadmin,now()
004031403,MINKINE,5,SECTEUR,0040314,fra,TRUE,superadmin,now()
004031404,SOUGUEBOUNYI CENTRE,5,SECTEUR,0040314,fra,TRUE,superadmin,now()
0040315,TABORIAH I,4,DISTRICT,00403,fra,TRUE,superadmin,now()
004031501,KRINKINET,5,SECTEUR,0040315,fra,TRUE,superadmin,now()
004031502,MANGUE GADRI,5,SECTEUR,0040315,fra,TRUE,superadmin,now()
0040316,TABORIAH II,4,DISTRICT,00403,fra,TRUE,superadmin,now()
004031601,KARAMOKO CISSE,5,SECTEUR,0040316,fra,TRUE,superadmin,now()
004031602,PATRICE LUMUMBA,5,SECTEUR,0040316,fra,TRUE,superadmin,now()
0040317,TANENE,4,DISTRICT,00403,fra,TRUE,superadmin,now()
004031701,GANG-BLANC,5,SECTEUR,0040317,fra,TRUE,superadmin,now()
004031702,KASSAMBEYA,5,SECTEUR,0040317,fra,TRUE,superadmin,now()
004031703,MASSIP,5,SECTEUR,0040317,fra,TRUE,superadmin,now()
004031704,TANENE I,5,SECTEUR,0040317,fra,TRUE,superadmin,now()
004031705,TANENE II,5,SECTEUR,0040317,fra,TRUE,superadmin,now()
0040318,TATEMA,4,DISTRICT,00403,fra,TRUE,superadmin,now()
004031801,KHATIA,5,SECTEUR,0040318,fra,TRUE,superadmin,now()
004031802,TATEMA I,5,SECTEUR,0040318,fra,TRUE,superadmin,now()
004031803,TATEMA II,5,SECTEUR,0040318,fra,TRUE,superadmin,now()
0040319,TINTIMA,4,DISTRICT,00403,fra,TRUE,superadmin,now()
004031901,TINTIMA I,5,SECTEUR,0040319,fra,TRUE,superadmin,now()
004031902,TINTIMA II,5,SECTEUR,0040319,fra,TRUE,superadmin,now()
0040320,YANGOYA - KITTO,4,DISTRICT,00403,fra,TRUE,superadmin,now()
004032001,GUIAPET,5,SECTEUR,0040320,fra,TRUE,superadmin,now()
004032002,YANGOYA CENTRE,5,SECTEUR,0040320,fra,TRUE,superadmin,now()
0040321,YARAYAH,4,DISTRICT,00403,fra,TRUE,superadmin,now()
004032101,YARAYAH CENTRE I,5,SECTEUR,0040321,fra,TRUE,superadmin,now()
004032102,YARAYAH CENTRE II,5,SECTEUR,0040321,fra,TRUE,superadmin,now()
00404,KOLIA,3,SOUS_PREFECTURE_OU_COMMUNE,004,fra,TRUE,superadmin,now()
0040401,BOOTA,4,DISTRICT,00404,fra,TRUE,superadmin,now()
004040101,BOOTA CENTRE,5,SECTEUR,0040401,fra,TRUE,superadmin,now()
004040102,DAMAKANYA,5,SECTEUR,0040401,fra,TRUE,superadmin,now()
004040103,KAMOUGNAN,5,SECTEUR,0040401,fra,TRUE,superadmin,now()
004040104,KHOURERALANDE,5,SECTEUR,0040401,fra,TRUE,superadmin,now()
0040402,FAREMA,4,DISTRICT,00404,fra,TRUE,superadmin,now()
004040201,BORAKHOURE,5,SECTEUR,0040402,fra,TRUE,superadmin,now()
004040202,FAREMA-CENTRE,5,SECTEUR,0040402,fra,TRUE,superadmin,now()
004040203,MISSIRA,5,SECTEUR,0040402,fra,TRUE,superadmin,now()
004040204,MOKEFOTON,5,SECTEUR,0040402,fra,TRUE,superadmin,now()
0040403,FATAGBOLO,4,DISTRICT,00404,fra,TRUE,superadmin,now()
004040301,BOWAL,5,SECTEUR,0040403,fra,TRUE,superadmin,now()
004040302,DALABA,5,SECTEUR,0040403,fra,TRUE,superadmin,now()
004040303,DOLE,5,SECTEUR,0040403,fra,TRUE,superadmin,now()
004040304,FATAGBOLO-CENTRE,5,SECTEUR,0040403,fra,TRUE,superadmin,now()
004040305,FILIRA,5,SECTEUR,0040403,fra,TRUE,superadmin,now()
0040404,GOBIDJE,4,DISTRICT,00404,fra,TRUE,superadmin,now()
004040401,DAR-ES-SALAM,5,SECTEUR,0040404,fra,TRUE,superadmin,now()
004040402,FATALA,5,SECTEUR,0040404,fra,TRUE,superadmin,now()
004040403,KARESOYA,5,SECTEUR,0040404,fra,TRUE,superadmin,now()
004040404,SANTY,5,SECTEUR,0040404,fra,TRUE,superadmin,now()
004040405,SINGUELEN-KHOURE,5,SECTEUR,0040404,fra,TRUE,superadmin,now()
0040405,KHALO,4,DISTRICT,00404,fra,TRUE,superadmin,now()
004040501,KHALO-CENTRE,5,SECTEUR,0040405,fra,TRUE,superadmin,now()
004040502,SWESS,5,SECTEUR,0040405,fra,TRUE,superadmin,now()
004040503,TANENE,5,SECTEUR,0040405,fra,TRUE,superadmin,now()
0040406,KOLIA - CENTRE,4,DISTRICT,00404,fra,TRUE,superadmin,now()
004040601,BIRADE,5,SECTEUR,0040406,fra,TRUE,superadmin,now()
004040602,FAYOUMOU,5,SECTEUR,0040406,fra,TRUE,superadmin,now()
004040603,HAMDALLAYE,5,SECTEUR,0040406,fra,TRUE,superadmin,now()
004040604,MADANI,5,SECTEUR,0040406,fra,TRUE,superadmin,now()
004040605,TAMISOTA,5,SECTEUR,0040406,fra,TRUE,superadmin,now()
004040606,TOUMBETA,5,SECTEUR,0040406,fra,TRUE,superadmin,now()
004040607,YEGUELEN,5,SECTEUR,0040406,fra,TRUE,superadmin,now()
0040407,KOLIA-TAFORI,4,DISTRICT,00404,fra,TRUE,superadmin,now()
004040701,BOURAMAYA,5,SECTEUR,0040407,fra,TRUE,superadmin,now()
004040702,DABAYA,5,SECTEUR,0040407,fra,TRUE,superadmin,now()
004040703,KOLIA-NAKIRI,5,SECTEUR,0040407,fra,TRUE,superadmin,now()
004040704,KOLIA-TAFORI,5,SECTEUR,0040407,fra,TRUE,superadmin,now()
004040705,TOUNOUSSI,5,SECTEUR,0040407,fra,TRUE,superadmin,now()
004040706,YARITA,5,SECTEUR,0040407,fra,TRUE,superadmin,now()
004040707,YILIGUIRA,5,SECTEUR,0040407,fra,TRUE,superadmin,now()
0040408,KORERA,4,DISTRICT,00404,fra,TRUE,superadmin,now()
004040801,DANDELEGUI,5,SECTEUR,0040408,fra,TRUE,superadmin,now()
004040802,GUEMEKOUNKI MISSIDI,5,SECTEUR,0040408,fra,TRUE,superadmin,now()
004040803,KHONSSA,5,SECTEUR,0040408,fra,TRUE,superadmin,now()
004040804,KORERA - CENTRE,5,SECTEUR,0040408,fra,TRUE,superadmin,now()
004040805,KOUMPA ROUNDE,5,SECTEUR,0040408,fra,TRUE,superadmin,now()
004040806,SAKIRE,5,SECTEUR,0040408,fra,TRUE,superadmin,now()
004040807,TOULY,5,SECTEUR,0040408,fra,TRUE,superadmin,now()
0040409,KOUNFA,4,DISTRICT,00404,fra,TRUE,superadmin,now()
004040901,HOROLAGUI,5,SECTEUR,0040409,fra,TRUE,superadmin,now()
004040902,KOUNFA CENTRE,5,SECTEUR,0040409,fra,TRUE,superadmin,now()
004040903,PARAWOL,5,SECTEUR,0040409,fra,TRUE,superadmin,now()
004040904,TOUKEREN,5,SECTEUR,0040409,fra,TRUE,superadmin,now()
0040410,LALAFANYE,4,DISTRICT,00404,fra,TRUE,superadmin,now()
004041001,BOUNDIHERI,5,SECTEUR,0040410,fra,TRUE,superadmin,now()
004041002,DAKADIAOU,5,SECTEUR,0040410,fra,TRUE,superadmin,now()
004041003,LALAFANYE-CENTRE,5,SECTEUR,0040410,fra,TRUE,superadmin,now()
004041004,SALIKOUNDA,5,SECTEUR,0040410,fra,TRUE,superadmin,now()
004041005,SANGUIGBE,5,SECTEUR,0040410,fra,TRUE,superadmin,now()
0040411,LONGO,4,DISTRICT,00404,fra,TRUE,superadmin,now()
004041101,BALAKHONIA,5,SECTEUR,0040411,fra,TRUE,superadmin,now()
004041102,FOFOKHOURE,5,SECTEUR,0040411,fra,TRUE,superadmin,now()
004041103,KHANFORIA,5,SECTEUR,0040411,fra,TRUE,superadmin,now()
004041104,KHOUREKOUI,5,SECTEUR,0040411,fra,TRUE,superadmin,now()
004041105,LONGO CENTRE,5,SECTEUR,0040411,fra,TRUE,superadmin,now()
004041106,OUSMANYA,5,SECTEUR,0040411,fra,TRUE,superadmin,now()
004041107,SAIDOUYA,5,SECTEUR,0040411,fra,TRUE,superadmin,now()
0040412,MADINA-HOUBOU,4,DISTRICT,00404,fra,TRUE,superadmin,now()
004041201,MADINA KARE,5,SECTEUR,0040412,fra,TRUE,superadmin,now()
004041202,MADINA HOUBOU-CENTRE,5,SECTEUR,0040412,fra,TRUE,superadmin,now()
004041203,POPODJE,5,SECTEUR,0040412,fra,TRUE,superadmin,now()
0040413,MELLEKHOURE,4,DISTRICT,00404,fra,TRUE,superadmin,now()
004041301,BOURAMAYA,5,SECTEUR,0040413,fra,TRUE,superadmin,now()
004041302,BOUROUNYA,5,SECTEUR,0040413,fra,TRUE,superadmin,now()
004041303,FOROTA,5,SECTEUR,0040413,fra,TRUE,superadmin,now()
004041304,MADINA,5,SECTEUR,0040413,fra,TRUE,superadmin,now()
004041305,MELLEKHOURE-CENTRE,5,SECTEUR,0040413,fra,TRUE,superadmin,now()
004041306,YENGUISSA,5,SECTEUR,0040413,fra,TRUE,superadmin,now()
004041307,YOUSSOUFOUYA,5,SECTEUR,0040413,fra,TRUE,superadmin,now()
0040414,TAGBE,4,DISTRICT,00404,fra,TRUE,superadmin,now()
004041401,BAKIYA,5,SECTEUR,0040414,fra,TRUE,superadmin,now()
004041402,BOKARIYA,5,SECTEUR,0040414,fra,TRUE,superadmin,now()
004041403,BOTONKHON,5,SECTEUR,0040414,fra,TRUE,superadmin,now()
004041404,KHALILOUN,5,SECTEUR,0040414,fra,TRUE,superadmin,now()
004041405,MALEYA,5,SECTEUR,0040414,fra,TRUE,superadmin,now()
004041406,TAGBE CENTRE,5,SECTEUR,0040414,fra,TRUE,superadmin,now()
0040415,YOYAH,4,DISTRICT,00404,fra,TRUE,superadmin,now()
004041501,AMADOUYA,5,SECTEUR,0040415,fra,TRUE,superadmin,now()
004041502,DARI,5,SECTEUR,0040415,fra,TRUE,superadmin,now()
004041503,TALEMA,5,SECTEUR,0040415,fra,TRUE,superadmin,now()
004041504,YOYAH-CENTRE,5,SECTEUR,0040415,fra,TRUE,superadmin,now()
00405,LISSO,3,SOUS_PREFECTURE_OU_COMMUNE,004,fra,TRUE,superadmin,now()
0040501,BONDY,4,DISTRICT,00405,fra,TRUE,superadmin,now()
004050101,BEREKHOURE,5,SECTEUR,0040501,fra,TRUE,superadmin,now()
004050102,BONDY CENTRE,5,SECTEUR,0040501,fra,TRUE,superadmin,now()
004050103,YOGON,5,SECTEUR,0040501,fra,TRUE,superadmin,now()
0040502,DETEKHOUNDOU-KHOUN,4,DISTRICT,00405,fra,TRUE,superadmin,now()
004050201,BOUGARIA,5,SECTEUR,0040502,fra,TRUE,superadmin,now()
004050202,DETEKHOUNDOUKHOUN CENTRE,5,SECTEUR,0040502,fra,TRUE,superadmin,now()
004050203,DONKHOYA,5,SECTEUR,0040502,fra,TRUE,superadmin,now()
004050204,KARAGBAKOU,5,SECTEUR,0040502,fra,TRUE,superadmin,now()
004050205,KEBOUYAH,5,SECTEUR,0040502,fra,TRUE,superadmin,now()
004050206,MISSIRA  AMARAYA,5,SECTEUR,0040502,fra,TRUE,superadmin,now()
004050207,MORIYETODE,5,SECTEUR,0040502,fra,TRUE,superadmin,now()
004050208,NINGUEFAKHADE,5,SECTEUR,0040502,fra,TRUE,superadmin,now()
004050209,WOYENKHORYKHOURE,5,SECTEUR,0040502,fra,TRUE,superadmin,now()
0040503,GOBIDJE,4,DISTRICT,00405,fra,TRUE,superadmin,now()
004050301,GOBIDJE CENTRE,5,SECTEUR,0040503,fra,TRUE,superadmin,now()
004050302,GUEMETOFAN,5,SECTEUR,0040503,fra,TRUE,superadmin,now()
004050303,SANTY,5,SECTEUR,0040503,fra,TRUE,superadmin,now()
004050304,TOUMABE,5,SECTEUR,0040503,fra,TRUE,superadmin,now()
0040504,LISSO CENTRE,4,DISTRICT,00405,fra,TRUE,superadmin,now()
004050401,KAKARA,5,SECTEUR,0040504,fra,TRUE,superadmin,now()
004050402,LISSO CENTRE,5,SECTEUR,0040504,fra,TRUE,superadmin,now()
004050403,SAMANSIRA,5,SECTEUR,0040504,fra,TRUE,superadmin,now()
0040505,MISSIRA MORIYAH,4,DISTRICT,00405,fra,TRUE,superadmin,now()
004050501,BOKAREA,5,SECTEUR,0040505,fra,TRUE,superadmin,now()
004050502,FALABA,5,SECTEUR,0040505,fra,TRUE,superadmin,now()
004050503,HAMDALLAYE,5,SECTEUR,0040505,fra,TRUE,superadmin,now()
004050504,HAMDALLAYE OUEST,5,SECTEUR,0040505,fra,TRUE,superadmin,now()
004050505,KOLIDOUGOU,5,SECTEUR,0040505,fra,TRUE,superadmin,now()
004050506,KOLONFIKHE,5,SECTEUR,0040505,fra,TRUE,superadmin,now()
004050507,KOUKOUSSEF,5,SECTEUR,0040505,fra,TRUE,superadmin,now()
004050508,LOKHONTON,5,SECTEUR,0040505,fra,TRUE,superadmin,now()
004050509,MADIANA,5,SECTEUR,0040505,fra,TRUE,superadmin,now()
004050510,MISSIRA CENTRE,5,SECTEUR,0040505,fra,TRUE,superadmin,now()
004050511,TOLOMAYA,5,SECTEUR,0040505,fra,TRUE,superadmin,now()
004050512,TOUMBE,5,SECTEUR,0040505,fra,TRUE,superadmin,now()
0040506,N'DANTARY,4,DISTRICT,00405,fra,TRUE,superadmin,now()
004050601,DARY,5,SECTEUR,0040506,fra,TRUE,superadmin,now()
004050602,FOTONFORE FOULATA,5,SECTEUR,0040506,fra,TRUE,superadmin,now()
004050603,FOTONFORE SOSSOTA,5,SECTEUR,0040506,fra,TRUE,superadmin,now()
004050604,FOTONGBE,5,SECTEUR,0040506,fra,TRUE,superadmin,now()
004050605,KILIMIKI,5,SECTEUR,0040506,fra,TRUE,superadmin,now()
004050606,KOLADE,5,SECTEUR,0040506,fra,TRUE,superadmin,now()
004050607,MANGASSANYA,5,SECTEUR,0040506,fra,TRUE,superadmin,now()
004050608,MARENTOUDE,5,SECTEUR,0040506,fra,TRUE,superadmin,now()
004050609,N'DANTARY CENTRE,5,SECTEUR,0040506,fra,TRUE,superadmin,now()
004050610,TOUGOUKERE,5,SECTEUR,0040506,fra,TRUE,superadmin,now()
0040507,SENGUELENKHOURE,4,DISTRICT,00405,fra,TRUE,superadmin,now()
004050701,FELOUN,5,SECTEUR,0040507,fra,TRUE,superadmin,now()
004050702,KANKAN,5,SECTEUR,0040507,fra,TRUE,superadmin,now()
004050703,KAREHOUN,5,SECTEUR,0040507,fra,TRUE,superadmin,now()
004050704,SENGUELENKHOURE FOUGUE,5,SECTEUR,0040507,fra,TRUE,superadmin,now()
004050705,SENGUELENKHOURE LABE,5,SECTEUR,0040507,fra,TRUE,superadmin,now()
004050706,TANENE,5,SECTEUR,0040507,fra,TRUE,superadmin,now()
0040508,TAMALAN,4,DISTRICT,00405,fra,TRUE,superadmin,now()
004050801,DABAYAH,5,SECTEUR,0040508,fra,TRUE,superadmin,now()
004050802,DEMOUGALA,5,SECTEUR,0040508,fra,TRUE,superadmin,now()
004050803,KOURYA,5,SECTEUR,0040508,fra,TRUE,superadmin,now()
004050804,NYEGUERI BOOTA,5,SECTEUR,0040508,fra,TRUE,superadmin,now()
004050805,TAMALAN CENTRE,5,SECTEUR,0040508,fra,TRUE,superadmin,now()
0040509,TOUBA,4,DISTRICT,00405,fra,TRUE,superadmin,now()
004050901,BABAYAH,5,SECTEUR,0040509,fra,TRUE,superadmin,now()
004050902,BARALANDE,5,SECTEUR,0040509,fra,TRUE,superadmin,now()
004050903,BOLONTA,5,SECTEUR,0040509,fra,TRUE,superadmin,now()
004050904,GONGA,5,SECTEUR,0040509,fra,TRUE,superadmin,now()
004050905,KALEMA,5,SECTEUR,0040509,fra,TRUE,superadmin,now()
004050906,KOUMIDOMBO,5,SECTEUR,0040509,fra,TRUE,superadmin,now()
004050907,MIRIYIRE,5,SECTEUR,0040509,fra,TRUE,superadmin,now()
004050908,SALIKOUNDA,5,SECTEUR,0040509,fra,TRUE,superadmin,now()
004050909,SOUMBOUYADY,5,SECTEUR,0040509,fra,TRUE,superadmin,now()
004050910,TELESSITA,5,SECTEUR,0040509,fra,TRUE,superadmin,now()
004050911,TOUBA CENTRE,5,SECTEUR,0040509,fra,TRUE,superadmin,now()
004050912,WANISSEF,5,SECTEUR,0040509,fra,TRUE,superadmin,now()
004050913,YELEYA,5,SECTEUR,0040509,fra,TRUE,superadmin,now()
004050914,YENGUISSA,5,SECTEUR,0040509,fra,TRUE,superadmin,now()
0040510,WONDETTY,4,DISTRICT,00405,fra,TRUE,superadmin,now()
004051001,BOLONDE,5,SECTEUR,0040510,fra,TRUE,superadmin,now()
004051002,LAMBANYI,5,SECTEUR,0040510,fra,TRUE,superadmin,now()
004051003,SIMBARAYA,5,SECTEUR,0040510,fra,TRUE,superadmin,now()
004051004,WONDETTY CENTRE,5,SECTEUR,0040510,fra,TRUE,superadmin,now()
00406,MANKOUNTAN,3,SOUS_PREFECTURE_OU_COMMUNE,004,fra,TRUE,superadmin,now()
0040601,BIGORI,4,DISTRICT,00406,fra,TRUE,superadmin,now()
004060101,KASSALI,5,SECTEUR,0040601,fra,TRUE,superadmin,now()
004060102,KISSOMBO,5,SECTEUR,0040601,fra,TRUE,superadmin,now()
004060103,KOLABOUI,5,SECTEUR,0040601,fra,TRUE,superadmin,now()
004060104,MANBRE,5,SECTEUR,0040601,fra,TRUE,superadmin,now()
004060105,TABOLY,5,SECTEUR,0040601,fra,TRUE,superadmin,now()
004060106,YOLOSSI,5,SECTEUR,0040601,fra,TRUE,superadmin,now()
0040602,BONGOLON,4,DISTRICT,00406,fra,TRUE,superadmin,now()
004060201,BANSANYA,5,SECTEUR,0040602,fra,TRUE,superadmin,now()
004060202,KAMPOMI,5,SECTEUR,0040602,fra,TRUE,superadmin,now()
004060203,KOLIA,5,SECTEUR,0040602,fra,TRUE,superadmin,now()
0040603,DANSI,4,DISTRICT,00406,fra,TRUE,superadmin,now()
004060301,DAMBAKANI,5,SECTEUR,0040603,fra,TRUE,superadmin,now()
004060302,MATAKAN,5,SECTEUR,0040603,fra,TRUE,superadmin,now()
004060303,MONDOBAYA,5,SECTEUR,0040603,fra,TRUE,superadmin,now()
0040604,KAKALA,4,DISTRICT,00406,fra,TRUE,superadmin,now()
004060401,BASSARAN,5,SECTEUR,0040604,fra,TRUE,superadmin,now()
004060402,KAKALA CARREFOUR,5,SECTEUR,0040604,fra,TRUE,superadmin,now()
004060403,KAKALA CENTRE,5,SECTEUR,0040604,fra,TRUE,superadmin,now()
0040605,KALEXES,4,DISTRICT,00406,fra,TRUE,superadmin,now()
004060501,BANTHO,5,SECTEUR,0040605,fra,TRUE,superadmin,now()
004060502,FOULAYAH,5,SECTEUR,0040605,fra,TRUE,superadmin,now()
004060503,KIBOMPI,5,SECTEUR,0040605,fra,TRUE,superadmin,now()
004060504,TATEMA,5,SECTEUR,0040605,fra,TRUE,superadmin,now()
0040606,KATONGORON,4,DISTRICT,00406,fra,TRUE,superadmin,now()
004060601,BOKAREYA,5,SECTEUR,0040606,fra,TRUE,superadmin,now()
004060602,KATONGORON CENTRE,5,SECTEUR,0040606,fra,TRUE,superadmin,now()
0040607,KOLON,4,DISTRICT,00406,fra,TRUE,superadmin,now()
004060701,KOLON CENTRE,5,SECTEUR,0040607,fra,TRUE,superadmin,now()
004060702,KOUNOUN,5,SECTEUR,0040607,fra,TRUE,superadmin,now()
004060703,TADY,5,SECTEUR,0040607,fra,TRUE,superadmin,now()
0040608,MADIA,4,DISTRICT,00406,fra,TRUE,superadmin,now()
004060801,BOKHAREYONYA,5,SECTEUR,0040608,fra,TRUE,superadmin,now()
004060802,MADIA CENTRE,5,SECTEUR,0040608,fra,TRUE,superadmin,now()
004060803,MISSIRA,5,SECTEUR,0040608,fra,TRUE,superadmin,now()
004060804,TAMBADONDO,5,SECTEUR,0040608,fra,TRUE,superadmin,now()
0040609,MANKOUNTAN CENTRE,4,DISTRICT,00406,fra,TRUE,superadmin,now()
004060901,FODEYA,5,SECTEUR,0040609,fra,TRUE,superadmin,now()
004060902,MADIANA,5,SECTEUR,0040609,fra,TRUE,superadmin,now()
004060903,MADIANA CARREFOUR,5,SECTEUR,0040609,fra,TRUE,superadmin,now()
004060904,SAKHOYA,5,SECTEUR,0040609,fra,TRUE,superadmin,now()
004060905,TABANGANLAN,5,SECTEUR,0040609,fra,TRUE,superadmin,now()
004060906,TAFORY,5,SECTEUR,0040609,fra,TRUE,superadmin,now()
0040610,SIBALI,4,DISTRICT,00406,fra,TRUE,superadmin,now()
004061001,MATHE,5,SECTEUR,0040610,fra,TRUE,superadmin,now()
004061002,SIBALI CENTRE,5,SECTEUR,0040610,fra,TRUE,superadmin,now()
004061003,TADY,5,SECTEUR,0040610,fra,TRUE,superadmin,now()
0040611,TOUMBETTA,4,DISTRICT,00406,fra,TRUE,superadmin,now()
004061101,BOBOYA,5,SECTEUR,0040611,fra,TRUE,superadmin,now()
004061102,KOUNKOURE,5,SECTEUR,0040611,fra,TRUE,superadmin,now()
004061103,PILA,5,SECTEUR,0040611,fra,TRUE,superadmin,now()
004061104,SONGORON,5,SECTEUR,0040611,fra,TRUE,superadmin,now()
004061105,TOUNMBETTA CENTRE,5,SECTEUR,0040611,fra,TRUE,superadmin,now()
0040612,YAMPONI,4,DISTRICT,00406,fra,TRUE,superadmin,now()
004061201,CONACRYDI,5,SECTEUR,0040612,fra,TRUE,superadmin,now()
004061202,MATIYAYA,5,SECTEUR,0040612,fra,TRUE,superadmin,now()
004061203,YAMPONI CENTRE,5,SECTEUR,0040612,fra,TRUE,superadmin,now()
00407,TAMITA,3,SOUS_PREFECTURE_OU_COMMUNE,004,fra,TRUE,superadmin,now()
0040701,DONYA,4,DISTRICT,00407,fra,TRUE,superadmin,now()
004070101,DONYA CENTRE,5,SECTEUR,0040701,fra,TRUE,superadmin,now()
004070102,WASSIYA,5,SECTEUR,0040701,fra,TRUE,superadmin,now()
0040702,DOTERET,4,DISTRICT,00407,fra,TRUE,superadmin,now()
004070201,DOTERET CENTRE,5,SECTEUR,0040702,fra,TRUE,superadmin,now()
004070202,KAMATAMBAYA,5,SECTEUR,0040702,fra,TRUE,superadmin,now()
004070203,TASSILIMA,5,SECTEUR,0040702,fra,TRUE,superadmin,now()
0040703,FOUTOUBOUNYI,4,DISTRICT,00407,fra,TRUE,superadmin,now()
004070301,FOUTOUBOUNYI CENTRE,5,SECTEUR,0040703,fra,TRUE,superadmin,now()
004070302,TANGOURSET,5,SECTEUR,0040703,fra,TRUE,superadmin,now()
0040704,GANGANTA,4,DISTRICT,00407,fra,TRUE,superadmin,now()
004070401,DONKHE,5,SECTEUR,0040704,fra,TRUE,superadmin,now()
004070402,GANGANTA CENTRE,5,SECTEUR,0040704,fra,TRUE,superadmin,now()
0040705,GBASSAYA,4,DISTRICT,00407,fra,TRUE,superadmin,now()
004070501,BOUSSOURAN,5,SECTEUR,0040705,fra,TRUE,superadmin,now()
004070502,CONAKRYDI,5,SECTEUR,0040705,fra,TRUE,superadmin,now()
004070503,DONDOYA,5,SECTEUR,0040705,fra,TRUE,superadmin,now()
004070504,DOSSOMBE,5,SECTEUR,0040705,fra,TRUE,superadmin,now()
004070505,GBASSAYA CENTRE,5,SECTEUR,0040705,fra,TRUE,superadmin,now()
004070506,KAKARA,5,SECTEUR,0040705,fra,TRUE,superadmin,now()
004070507,KITAFAFA,5,SECTEUR,0040705,fra,TRUE,superadmin,now()
004070508,SONGOYAH,5,SECTEUR,0040705,fra,TRUE,superadmin,now()
004070509,TAYIRE,5,SECTEUR,0040705,fra,TRUE,superadmin,now()
004070510,YESSOULOUN,5,SECTEUR,0040705,fra,TRUE,superadmin,now()
0040706,KELEYA,4,DISTRICT,00407,fra,TRUE,superadmin,now()
004070601,BANTAN,5,SECTEUR,0040706,fra,TRUE,superadmin,now()
004070602,KALEMA,5,SECTEUR,0040706,fra,TRUE,superadmin,now()
004070603,KELEYA CENTRE,5,SECTEUR,0040706,fra,TRUE,superadmin,now()
004070604,MAWONDE,5,SECTEUR,0040706,fra,TRUE,superadmin,now()
0040707,KHAMBAYA,4,DISTRICT,00407,fra,TRUE,superadmin,now()
004070701,DAKHINDE,5,SECTEUR,0040707,fra,TRUE,superadmin,now()
004070702,KHAMBAYA CENTRE,5,SECTEUR,0040707,fra,TRUE,superadmin,now()
004070703,KOLAFOTON,5,SECTEUR,0040707,fra,TRUE,superadmin,now()
0040708,KHORIRA,4,DISTRICT,00407,fra,TRUE,superadmin,now()
004070801,KHORIRA CENTRE,5,SECTEUR,0040708,fra,TRUE,superadmin,now()
004070802,KISSANKILY,5,SECTEUR,0040708,fra,TRUE,superadmin,now()
004070803,SOGOTORO,5,SECTEUR,0040708,fra,TRUE,superadmin,now()
0040709,MISSIRA,4,DISTRICT,00407,fra,TRUE,superadmin,now()
004070901,HAMDALLAYE,5,SECTEUR,0040709,fra,TRUE,superadmin,now()
004070902,MEYENKHOURE TAFORI,5,SECTEUR,0040709,fra,TRUE,superadmin,now()
004070903,MISSIRA CENTRE,5,SECTEUR,0040709,fra,TRUE,superadmin,now()
004070904,TOUMANIYA,5,SECTEUR,0040709,fra,TRUE,superadmin,now()
0040710,MOURAYA,4,DISTRICT,00407,fra,TRUE,superadmin,now()
004071001,BOUSSOURAN,5,SECTEUR,0040710,fra,TRUE,superadmin,now()
004071002,DOKILEGBE,5,SECTEUR,0040710,fra,TRUE,superadmin,now()
004071003,KALEMA,5,SECTEUR,0040710,fra,TRUE,superadmin,now()
004071004,MANINKEYA,5,SECTEUR,0040710,fra,TRUE,superadmin,now()
004071005,MOURAYA CENTRE,5,SECTEUR,0040710,fra,TRUE,superadmin,now()
004071006,WANIYA,5,SECTEUR,0040710,fra,TRUE,superadmin,now()
0040711,SOUMBOUYADI,4,DISTRICT,00407,fra,TRUE,superadmin,now()
004071101,DONDOLI-FANYE,5,SECTEUR,0040711,fra,TRUE,superadmin,now()
004071102,FIKHEMA,5,SECTEUR,0040711,fra,TRUE,superadmin,now()
004071103,MADINA,5,SECTEUR,0040711,fra,TRUE,superadmin,now()
004071104,NINGUEYA,5,SECTEUR,0040711,fra,TRUE,superadmin,now()
004071105,SOUMBOUYADI CENTRE,5,SECTEUR,0040711,fra,TRUE,superadmin,now()
004071106,TORODOYA,5,SECTEUR,0040711,fra,TRUE,superadmin,now()
0040712,TAMITA CENTRE,4,DISTRICT,00407,fra,TRUE,superadmin,now()
004071201,KEBOUTE,5,SECTEUR,0040712,fra,TRUE,superadmin,now()
004071202,KHANFORIYA,5,SECTEUR,0040712,fra,TRUE,superadmin,now()
004071203,TAMITA I,5,SECTEUR,0040712,fra,TRUE,superadmin,now()
004071204,TAMITA II,5,SECTEUR,0040712,fra,TRUE,superadmin,now()
0040713,YEMBERING,4,DISTRICT,00407,fra,TRUE,superadmin,now()
004071301,BINDAN,5,SECTEUR,0040713,fra,TRUE,superadmin,now()
004071302,BORAKHOURE,5,SECTEUR,0040713,fra,TRUE,superadmin,now()
004071303,FOUKHOUN,5,SECTEUR,0040713,fra,TRUE,superadmin,now()
004071304,NYIMAYA,5,SECTEUR,0040713,fra,TRUE,superadmin,now()
004071305,TAMOUYA,5,SECTEUR,0040713,fra,TRUE,superadmin,now()
004071306,YEMBERING CENTRE,5,SECTEUR,0040713,fra,TRUE,superadmin,now()
0040714,YENGUISSA,4,DISTRICT,00407,fra,TRUE,superadmin,now()
004071401,GUEMEYIRE,5,SECTEUR,0040714,fra,TRUE,superadmin,now()
004071402,KAFYLIYA,5,SECTEUR,0040714,fra,TRUE,superadmin,now()
004071403,YENGUISSA I,5,SECTEUR,0040714,fra,TRUE,superadmin,now()
004071404,YENGUISSA II,5,SECTEUR,0040714,fra,TRUE,superadmin,now()
00408,TOUGNIFILY,3,SOUS_PREFECTURE_OU_COMMUNE,004,fra,TRUE,superadmin,now()
0040801,BRIKA,4,DISTRICT,00408,fra,TRUE,superadmin,now()
004080101,BRIKA CENTRE,5,SECTEUR,0040801,fra,TRUE,superadmin,now()
004080102,GNALIA,5,SECTEUR,0040801,fra,TRUE,superadmin,now()
004080103,HAMSENIA,5,SECTEUR,0040801,fra,TRUE,superadmin,now()
004080104,MOKEBOUNDJI,5,SECTEUR,0040801,fra,TRUE,superadmin,now()
004080105,WARIFALAYA,5,SECTEUR,0040801,fra,TRUE,superadmin,now()
0040802,DIOGOYA,4,DISTRICT,00408,fra,TRUE,superadmin,now()
004080201,DIOGOYA CENTRE,5,SECTEUR,0040802,fra,TRUE,superadmin,now()
004080202,KITIFINI,5,SECTEUR,0040802,fra,TRUE,superadmin,now()
004080203,MANTESSA,5,SECTEUR,0040802,fra,TRUE,superadmin,now()
004080204,WORKOIYA,5,SECTEUR,0040802,fra,TRUE,superadmin,now()
0040803,FONFO,4,DISTRICT,00408,fra,TRUE,superadmin,now()
004080301,BANDEDONDE,5,SECTEUR,0040803,fra,TRUE,superadmin,now()
004080302,DOIMAYA,5,SECTEUR,0040803,fra,TRUE,superadmin,now()
004080303,FONFO CENTRE,5,SECTEUR,0040803,fra,TRUE,superadmin,now()
004080304,KOULOUNSAYA,5,SECTEUR,0040803,fra,TRUE,superadmin,now()
004080305,KOUSSAYA,5,SECTEUR,0040803,fra,TRUE,superadmin,now()
004080306,SOKOUTOU,5,SECTEUR,0040803,fra,TRUE,superadmin,now()
0040804,FOULAYAH,4,DISTRICT,00408,fra,TRUE,superadmin,now()
004080401,FOULAYAH CENTRE,5,SECTEUR,0040804,fra,TRUE,superadmin,now()
004080402,KONIKHOUNBOLON,5,SECTEUR,0040804,fra,TRUE,superadmin,now()
0040805,KALEKALA,4,DISTRICT,00408,fra,TRUE,superadmin,now()
004080501,DAKHAGBE,5,SECTEUR,0040805,fra,TRUE,superadmin,now()
004080502,KALEKALE CENTRE,5,SECTEUR,0040805,fra,TRUE,superadmin,now()
004080503,KENKELIBABOUNDJI,5,SECTEUR,0040805,fra,TRUE,superadmin,now()
004080504,KOITO,5,SECTEUR,0040805,fra,TRUE,superadmin,now()
004080505,LEFOUREBOUI,5,SECTEUR,0040805,fra,TRUE,superadmin,now()
004080506,SAYONYA,5,SECTEUR,0040805,fra,TRUE,superadmin,now()
0040806,KANTELY,4,DISTRICT,00408,fra,TRUE,superadmin,now()
004080601,DIBENSY,5,SECTEUR,0040806,fra,TRUE,superadmin,now()
004080602,KANTELY CENTRE,5,SECTEUR,0040806,fra,TRUE,superadmin,now()
0040807,KHANTATA,4,DISTRICT,00408,fra,TRUE,superadmin,now()
004080701,KEMEBOURAMA,5,SECTEUR,0040807,fra,TRUE,superadmin,now()
004080702,KHABIA,5,SECTEUR,0040807,fra,TRUE,superadmin,now()
004080703,SEYDOUKABELEYA,5,SECTEUR,0040807,fra,TRUE,superadmin,now()
004080704,TADY,5,SECTEUR,0040807,fra,TRUE,superadmin,now()
004080705,TAYIRE,5,SECTEUR,0040807,fra,TRUE,superadmin,now()
004080706,WOULIA,5,SECTEUR,0040807,fra,TRUE,superadmin,now()
0040808,KHISSILING,4,DISTRICT,00408,fra,TRUE,superadmin,now()
004080801,DANKHARAN,5,SECTEUR,0040808,fra,TRUE,superadmin,now()
004080802,KHISSILING CENTRE,5,SECTEUR,0040808,fra,TRUE,superadmin,now()
004080803,SAIDOUYA,5,SECTEUR,0040808,fra,TRUE,superadmin,now()
004080804,SIRAFOUGUE,5,SECTEUR,0040808,fra,TRUE,superadmin,now()
004080805,TOUKEREN,5,SECTEUR,0040808,fra,TRUE,superadmin,now()
0040809,KIFFINDA,4,DISTRICT,00408,fra,TRUE,superadmin,now()
004080901,DIKIA,5,SECTEUR,0040809,fra,TRUE,superadmin,now()
004080902,KIFFINDA CENTRE,5,SECTEUR,0040809,fra,TRUE,superadmin,now()
004080903,N'KEREN,5,SECTEUR,0040809,fra,TRUE,superadmin,now()
004080904,SARABE,5,SECTEUR,0040809,fra,TRUE,superadmin,now()
0040810,KINYAYA,4,DISTRICT,00408,fra,TRUE,superadmin,now()
004081001,BALANDOUDGOU,5,SECTEUR,0040810,fra,TRUE,superadmin,now()
004081002,GBENREBOUI,5,SECTEUR,0040810,fra,TRUE,superadmin,now()
004081003,KENKENREN,5,SECTEUR,0040810,fra,TRUE,superadmin,now()
004081004,KENKON,5,SECTEUR,0040810,fra,TRUE,superadmin,now()
004081005,KHOURE KHIMBELI,5,SECTEUR,0040810,fra,TRUE,superadmin,now()
004081006,KENGNELIA,5,SECTEUR,0040810,fra,TRUE,superadmin,now()
004081007,KINYAYA CENTRE,5,SECTEUR,0040810,fra,TRUE,superadmin,now()
004081008,MISSIRA,5,SECTEUR,0040810,fra,TRUE,superadmin,now()
0040811,MAMYA,4,DISTRICT,00408,fra,TRUE,superadmin,now()
004081101,KOBA,5,SECTEUR,0040811,fra,TRUE,superadmin,now()
004081102,KOLONKOLA,5,SECTEUR,0040811,fra,TRUE,superadmin,now()
004081103,KONDEYIRE,5,SECTEUR,0040811,fra,TRUE,superadmin,now()
004081104,MAMYA CENTRE,5,SECTEUR,0040811,fra,TRUE,superadmin,now()
0040812,MINTANI,4,DISTRICT,00408,fra,TRUE,superadmin,now()
004081201,MINTANI CENTRE,5,SECTEUR,0040812,fra,TRUE,superadmin,now()
004081202,TAKHASSIMI,5,SECTEUR,0040812,fra,TRUE,superadmin,now()
004081203,TILIPONI,5,SECTEUR,0040812,fra,TRUE,superadmin,now()
0040813,MONCHON,4,DISTRICT,00408,fra,TRUE,superadmin,now()
004081301,MABASSO,5,SECTEUR,0040813,fra,TRUE,superadmin,now()
004081302,MADINA,5,SECTEUR,0040813,fra,TRUE,superadmin,now()
004081303,MISSIRA,5,SECTEUR,0040813,fra,TRUE,superadmin,now()
004081304,MONCHON CENTRE,5,SECTEUR,0040813,fra,TRUE,superadmin,now()
0040814,NALOUKHOURE,4,DISTRICT,00408,fra,TRUE,superadmin,now()
004081401,BAKO,5,SECTEUR,0040814,fra,TRUE,superadmin,now()
004081402,DARI,5,SECTEUR,0040814,fra,TRUE,superadmin,now()
004081403,M'BAYA,5,SECTEUR,0040814,fra,TRUE,superadmin,now()
004081404,MADINA,5,SECTEUR,0040814,fra,TRUE,superadmin,now()
004081405,NALOUKHOURE CENTRE,5,SECTEUR,0040814,fra,TRUE,superadmin,now()
004081406,YOUNGNEN,5,SECTEUR,0040814,fra,TRUE,superadmin,now()
0040815,TAMBAYA,4,DISTRICT,00408,fra,TRUE,superadmin,now()
004081501,MANFOUMA,5,SECTEUR,0040815,fra,TRUE,superadmin,now()
004081502,MEYENFIKHE,5,SECTEUR,0040815,fra,TRUE,superadmin,now()
004081503,SIKOKOU,5,SECTEUR,0040815,fra,TRUE,superadmin,now()
004081504,SOMAYA,5,SECTEUR,0040815,fra,TRUE,superadmin,now()
004081505,TAMBAYA CENTRE,5,SECTEUR,0040815,fra,TRUE,superadmin,now()
0040816,TANENE,4,DISTRICT,00408,fra,TRUE,superadmin,now()
004081601,KALIMBAN,5,SECTEUR,0040816,fra,TRUE,superadmin,now()
004081602,LISSIYA,5,SECTEUR,0040816,fra,TRUE,superadmin,now()
004081603,SAMANSIRA,5,SECTEUR,0040816,fra,TRUE,superadmin,now()
004081604,SEYDOUKABELEYA,5,SECTEUR,0040816,fra,TRUE,superadmin,now()
004081605,TANENE CENTRE,5,SECTEUR,0040816,fra,TRUE,superadmin,now()
0040817,TOMATA,4,DISTRICT,00408,fra,TRUE,superadmin,now()
004081701,GBANTA,5,SECTEUR,0040817,fra,TRUE,superadmin,now()
004081702,MELENSY,5,SECTEUR,0040817,fra,TRUE,superadmin,now()
004081703,TOMATA CENTRE,5,SECTEUR,0040817,fra,TRUE,superadmin,now()
0040818,TOUGNIFILY CENTRE,4,DISTRICT,00408,fra,TRUE,superadmin,now()
004081801,COLIA,5,SECTEUR,0040818,fra,TRUE,superadmin,now()
004081802,KOUMBAYA,5,SECTEUR,0040818,fra,TRUE,superadmin,now()
004081803,MAMATA,5,SECTEUR,0040818,fra,TRUE,superadmin,now()
004081804,SIMMBYA,5,SECTEUR,0040818,fra,TRUE,superadmin,now()
004081805,WONDIMA,5,SECTEUR,0040818,fra,TRUE,superadmin,now()
007,BOKE,2,PREFECTURE,4,fra,TRUE,superadmin,now()
00701,CU-BOKE,3,SOUS_PREFECTURE_OU_COMMUNE,007,fra,TRUE,superadmin,now()
0070101,BARALANDE,4,DISTRICT,00701,fra,TRUE,superadmin,now()
007010101,CAMP,5,SECTEUR,0070101,fra,TRUE,superadmin,now()
007010102,DABOUTA,5,SECTEUR,0070101,fra,TRUE,superadmin,now()
007010103,GUEYAFARI,5,SECTEUR,0070101,fra,TRUE,superadmin,now()
007010104,HAFIA,5,SECTEUR,0070101,fra,TRUE,superadmin,now()
007010105,LAMBANYI,5,SECTEUR,0070101,fra,TRUE,superadmin,now()
007010106,MISSIRA,5,SECTEUR,0070101,fra,TRUE,superadmin,now()
007010107,NEMA,5,SECTEUR,0070101,fra,TRUE,superadmin,now()
007010108,TAMBASSAYA,5,SECTEUR,0070101,fra,TRUE,superadmin,now()
007010109,TCHANTCHELECK,5,SECTEUR,0070101,fra,TRUE,superadmin,now()
007010110,WASSADOU,5,SECTEUR,0070101,fra,TRUE,superadmin,now()
0070102,CORRERAH,4,DISTRICT,00701,fra,TRUE,superadmin,now()
007010201,DABAYA I,5,SECTEUR,0070102,fra,TRUE,superadmin,now()
007010202,DABAYA II,5,SECTEUR,0070102,fra,TRUE,superadmin,now()
007010203,DIA KOUNDA,5,SECTEUR,0070102,fra,TRUE,superadmin,now()
007010204,DIOULA KOUNDA,5,SECTEUR,0070102,fra,TRUE,superadmin,now()
007010205,DRAME KOUNDA,5,SECTEUR,0070102,fra,TRUE,superadmin,now()
007010206,GASSAMA KOUNDA,5,SECTEUR,0070102,fra,TRUE,superadmin,now()
007010207,GNANGATA,5,SECTEUR,0070102,fra,TRUE,superadmin,now()
007010208,KAWEKI,5,SECTEUR,0070102,fra,TRUE,superadmin,now()
007010209,MADINA CARREFOUR,5,SECTEUR,0070102,fra,TRUE,superadmin,now()
007010210,PORT,5,SECTEUR,0070102,fra,TRUE,superadmin,now()
007010211,SIMBAYA,5,SECTEUR,0070102,fra,TRUE,superadmin,now()
007010212,TOLAGUI,5,SECTEUR,0070102,fra,TRUE,superadmin,now()
007010213,YEDERA,5,SECTEUR,0070102,fra,TRUE,superadmin,now()
0070103,DIBIA,4,DISTRICT,00701,fra,TRUE,superadmin,now()
007010301,DIBIA CENTRE,5,SECTEUR,0070103,fra,TRUE,superadmin,now()
007010302,GOBY,5,SECTEUR,0070103,fra,TRUE,superadmin,now()
007010303,SALIKENE,5,SECTEUR,0070103,fra,TRUE,superadmin,now()
0070104,DIOUMAYA,4,DISTRICT,00701,fra,TRUE,superadmin,now()
007010401,BAKHANDA,5,SECTEUR,0070104,fra,TRUE,superadmin,now()
007010402,BORIA,5,SECTEUR,0070104,fra,TRUE,superadmin,now()
007010403,DIOUMAYA CENTRE,5,SECTEUR,0070104,fra,TRUE,superadmin,now()
007010404,KANDOUKA,5,SECTEUR,0070104,fra,TRUE,superadmin,now()
007010405,KANGBELIA,5,SECTEUR,0070104,fra,TRUE,superadmin,now()
007010406,MORIA,5,SECTEUR,0070104,fra,TRUE,superadmin,now()
007010407,TALOGLOG,5,SECTEUR,0070104,fra,TRUE,superadmin,now()
0070105,GOREYE,4,DISTRICT,00701,fra,TRUE,superadmin,now()
007010501,BOUBOUYA,5,SECTEUR,0070105,fra,TRUE,superadmin,now()
007010502,GOREYE CENTRE,5,SECTEUR,0070105,fra,TRUE,superadmin,now()
007010503,MANKEPA,5,SECTEUR,0070105,fra,TRUE,superadmin,now()
007010504,PALMERAIE,5,SECTEUR,0070105,fra,TRUE,superadmin,now()
007010505,SOLEYA,5,SECTEUR,0070105,fra,TRUE,superadmin,now()
0070106,GUILLERE,4,DISTRICT,00701,fra,TRUE,superadmin,now()
007010601,GADHA GUILLERE,5,SECTEUR,0070106,fra,TRUE,superadmin,now()
007010602,GUILLERE CENTRE,5,SECTEUR,0070106,fra,TRUE,superadmin,now()
007010603,HAKOUNDE TCHANDY,5,SECTEUR,0070106,fra,TRUE,superadmin,now()
007010604,KARFAYA,5,SECTEUR,0070106,fra,TRUE,superadmin,now()
007010605,KEWEHOUN,5,SECTEUR,0070106,fra,TRUE,superadmin,now()
007010606,TALOGLOG,5,SECTEUR,0070106,fra,TRUE,superadmin,now()
0070107,KADIGUIRA,4,DISTRICT,00701,fra,TRUE,superadmin,now()
007010701,FADOUGOU I,5,SECTEUR,0070107,fra,TRUE,superadmin,now()
007010702,FADOUGOU II,5,SECTEUR,0070107,fra,TRUE,superadmin,now()
007010703,KADIGUIRA CENTRE,5,SECTEUR,0070107,fra,TRUE,superadmin,now()
007010704,KOFFIA,5,SECTEUR,0070107,fra,TRUE,superadmin,now()
007010705,LIMANIYA,5,SECTEUR,0070107,fra,TRUE,superadmin,now()
0070108,KOUGNEWADE I,4,DISTRICT,00701,fra,TRUE,superadmin,now()
007010801,BONIA,5,SECTEUR,0070108,fra,TRUE,superadmin,now()
007010802,KEMADY,5,SECTEUR,0070108,fra,TRUE,superadmin,now()
007010803,KOURIA,5,SECTEUR,0070108,fra,TRUE,superadmin,now()
007010804,N'FABAYA,5,SECTEUR,0070108,fra,TRUE,superadmin,now()
007010805,SALIFOUYA,5,SECTEUR,0070108,fra,TRUE,superadmin,now()
0070109,KOUGNEWADE II,4,DISTRICT,00701,fra,TRUE,superadmin,now()
007010901,ANSOUMANE CAMARA,5,SECTEUR,0070109,fra,TRUE,superadmin,now()
007010902,BINTY CAMARA,5,SECTEUR,0070109,fra,TRUE,superadmin,now()
007010903,DURACK COUMBASSA,5,SECTEUR,0070109,fra,TRUE,superadmin,now()
007010904,MOSQUEE,5,SECTEUR,0070109,fra,TRUE,superadmin,now()
0070110,KOULIFANYA,4,DISTRICT,00701,fra,TRUE,superadmin,now()
007011001,SECTEUR I,5,SECTEUR,0070110,fra,TRUE,superadmin,now()
007011002,SECTEUR II,5,SECTEUR,0070110,fra,TRUE,superadmin,now()
007011003,SECTEUR III,5,SECTEUR,0070110,fra,TRUE,superadmin,now()
0070111,LAMBANYI,4,DISTRICT,00701,fra,TRUE,superadmin,now()
007011101,BOUBOUYA,5,SECTEUR,0070111,fra,TRUE,superadmin,now()
007011102,KISSASSY,5,SECTEUR,0070111,fra,TRUE,superadmin,now()
007011103,LAMBANYI MOSQUEE,5,SECTEUR,0070111,fra,TRUE,superadmin,now()
007011104,LAMBANYI PALMERAIE,5,SECTEUR,0070111,fra,TRUE,superadmin,now()
007011105,N'DANTARI,5,SECTEUR,0070111,fra,TRUE,superadmin,now()
0070112,MADINA,4,DISTRICT,00701,fra,TRUE,superadmin,now()
007011201,KAGNALY,5,SECTEUR,0070112,fra,TRUE,superadmin,now()
007011202,MADINA CENTRE,5,SECTEUR,0070112,fra,TRUE,superadmin,now()
007011203,MADINA KEBENYA,5,SECTEUR,0070112,fra,TRUE,superadmin,now()
0070113,TOMBOYA,4,DISTRICT,00701,fra,TRUE,superadmin,now()
007011301,TOMBOYA I,5,SECTEUR,0070113,fra,TRUE,superadmin,now()
007011302,TOMBOYA II,5,SECTEUR,0070113,fra,TRUE,superadmin,now()
0070114,WAKRYA,4,DISTRICT,00701,fra,TRUE,superadmin,now()
007011401,BOUROUMA,5,SECTEUR,0070114,fra,TRUE,superadmin,now()
007011402,KASSEF,5,SECTEUR,0070114,fra,TRUE,superadmin,now()
007011403,TAMARANSY,5,SECTEUR,0070114,fra,TRUE,superadmin,now()
007011404,WAKRYA CENTRE,5,SECTEUR,0070114,fra,TRUE,superadmin,now()
0070115,YOMBOYA,4,DISTRICT,00701,fra,TRUE,superadmin,now()
007011501,400 BATIMENTS,5,SECTEUR,0070115,fra,TRUE,superadmin,now()
007011502,DONGOL,5,SECTEUR,0070115,fra,TRUE,superadmin,now()
007011503,YOMBOYA-CENTRE,5,SECTEUR,0070115,fra,TRUE,superadmin,now()
007011504,YOMBOYA-EST,5,SECTEUR,0070115,fra,TRUE,superadmin,now()
00702,BINTIMODIA,3,SOUS_PREFECTURE_OU_COMMUNE,007,fra,TRUE,superadmin,now()
0070201,BINTIMODIA-CENTRE,4,DISTRICT,00702,fra,TRUE,superadmin,now()
007020101,FITALY,5,SECTEUR,0070201,fra,TRUE,superadmin,now()
007020102,TAKHOROMODIA,5,SECTEUR,0070201,fra,TRUE,superadmin,now()
007020103,KAGBELY,5,SECTEUR,0070201,fra,TRUE,superadmin,now()
007020104,KABEYA,5,SECTEUR,0070201,fra,TRUE,superadmin,now()
007020105,YOMBOYA,5,SECTEUR,0070201,fra,TRUE,superadmin,now()
0070202,GARAMA,4,DISTRICT,00702,fra,TRUE,superadmin,now()
007020201,BAGUISSA,5,SECTEUR,0070202,fra,TRUE,superadmin,now()
007020202,BAMINARI,5,SECTEUR,0070202,fra,TRUE,superadmin,now()
007020203,BANTANKOUTOUN,5,SECTEUR,0070202,fra,TRUE,superadmin,now()
007020204,GARAMA CENTRE,5,SECTEUR,0070202,fra,TRUE,superadmin,now()
007020205,GOUNGOUMAYA,5,SECTEUR,0070202,fra,TRUE,superadmin,now()
007020206,SANGUEAH,5,SECTEUR,0070202,fra,TRUE,superadmin,now()
007020207,SINGUILA,5,SECTEUR,0070202,fra,TRUE,superadmin,now()
007020208,SONGOLON,5,SECTEUR,0070202,fra,TRUE,superadmin,now()
0070203,KANKACO,4,DISTRICT,00702,fra,TRUE,superadmin,now()
007020301,FARATO,5,SECTEUR,0070203,fra,TRUE,superadmin,now()
007020302,KANKACO I,5,SECTEUR,0070203,fra,TRUE,superadmin,now()
007020303,KANKACO II,5,SECTEUR,0070203,fra,TRUE,superadmin,now()
007020304,KOLAKOTO,5,SECTEUR,0070203,fra,TRUE,superadmin,now()
007020305,PATHEA,5,SECTEUR,0070203,fra,TRUE,superadmin,now()
007020306,SANGAREKO,5,SECTEUR,0070203,fra,TRUE,superadmin,now()
007020307,SEGARE,5,SECTEUR,0070203,fra,TRUE,superadmin,now()
007020308,TONKOYA,5,SECTEUR,0070203,fra,TRUE,superadmin,now()
007020309,YONYA,5,SECTEUR,0070203,fra,TRUE,superadmin,now()
0070204,KATACO,4,DISTRICT,00702,fra,TRUE,superadmin,now()
007020401,DIKAWE,5,SECTEUR,0070204,fra,TRUE,superadmin,now()
007020402,DUKLOP,5,SECTEUR,0070204,fra,TRUE,superadmin,now()
007020403,KALEYIRE,5,SECTEUR,0070204,fra,TRUE,superadmin,now()
007020404,KAMSOMBLET,5,SECTEUR,0070204,fra,TRUE,superadmin,now()
007020405,KATAMBET,5,SECTEUR,0070204,fra,TRUE,superadmin,now()
007020406,TAATAGUI,5,SECTEUR,0070204,fra,TRUE,superadmin,now()
007020407,TAMOUYA,5,SECTEUR,0070204,fra,TRUE,superadmin,now()
007020408,YONFIYA,5,SECTEUR,0070204,fra,TRUE,superadmin,now()
0070205,KOFTONDEN,4,DISTRICT,00702,fra,TRUE,superadmin,now()
007020501,FARENYA,5,SECTEUR,0070205,fra,TRUE,superadmin,now()
007020502,KOFTO,5,SECTEUR,0070205,fra,TRUE,superadmin,now()
007020503,KOFTONDEN-CENTRE,5,SECTEUR,0070205,fra,TRUE,superadmin,now()
007020504,MISSIRA,5,SECTEUR,0070205,fra,TRUE,superadmin,now()
007020505,SIKOUYA,5,SECTEUR,0070205,fra,TRUE,superadmin,now()
007020506,SORIYA,5,SECTEUR,0070205,fra,TRUE,superadmin,now()
0070206,KOLIA SANAMATO,4,DISTRICT,00702,fra,TRUE,superadmin,now()
007020601,BENDOUGOU,5,SECTEUR,0070206,fra,TRUE,superadmin,now()
007020602,DIAHEYA,5,SECTEUR,0070206,fra,TRUE,superadmin,now()
007020603,FADOUGOU,5,SECTEUR,0070206,fra,TRUE,superadmin,now()
007020604,KOLIA CENTRE,5,SECTEUR,0070206,fra,TRUE,superadmin,now()
007020605,MISSIRA,5,SECTEUR,0070206,fra,TRUE,superadmin,now()
007020606,SINEYA,5,SECTEUR,0070206,fra,TRUE,superadmin,now()
007020607,TAMBAYAMA,5,SECTEUR,0070206,fra,TRUE,superadmin,now()
007020608,TELIKO,5,SECTEUR,0070206,fra,TRUE,superadmin,now()
0070207,LINTANG,4,DISTRICT,00702,fra,TRUE,superadmin,now()
007020701,HAMDALLAYE,5,SECTEUR,0070207,fra,TRUE,superadmin,now()
007020702,KHOLE KHURE,5,SECTEUR,0070207,fra,TRUE,superadmin,now()
007020703,KONKOFING,5,SECTEUR,0070207,fra,TRUE,superadmin,now()
007020704,LINTANG-CENTRE,5,SECTEUR,0070207,fra,TRUE,superadmin,now()
007020705,LINTANG NAKIRI,5,SECTEUR,0070207,fra,TRUE,superadmin,now()
007020706,TOUGANDEN,5,SECTEUR,0070207,fra,TRUE,superadmin,now()
0070208,MAREN,4,DISTRICT,00702,fra,TRUE,superadmin,now()
007020801,DABOULET,5,SECTEUR,0070208,fra,TRUE,superadmin,now()
007020802,FALABA,5,SECTEUR,0070208,fra,TRUE,superadmin,now()
007020803,KAMBOTA,5,SECTEUR,0070208,fra,TRUE,superadmin,now()
007020804,KAREKA,5,SECTEUR,0070208,fra,TRUE,superadmin,now()
007020805,TAATAGUI,5,SECTEUR,0070208,fra,TRUE,superadmin,now()
007020806,TANENE,5,SECTEUR,0070208,fra,TRUE,superadmin,now()
007020807,TOUBATAI,5,SECTEUR,0070208,fra,TRUE,superadmin,now()
007020808,YENGUISSSA,5,SECTEUR,0070208,fra,TRUE,superadmin,now()
00703,DABISS,3,SOUS_PREFECTURE_OU_COMMUNE,007,fra,TRUE,superadmin,now()
0070301,BHOUNDOULENGUE,4,DISTRICT,00703,fra,TRUE,superadmin,now()
007030101,BANTANFORO,5,SECTEUR,0070301,fra,TRUE,superadmin,now()
007030102,BENSANE LANDOUMA,5,SECTEUR,0070301,fra,TRUE,superadmin,now()
007030103,BHOUNDOULENGUE CENTRE,5,SECTEUR,0070301,fra,TRUE,superadmin,now()
007030104,MADINA LOLODJI,5,SECTEUR,0070301,fra,TRUE,superadmin,now()
007030105,MIRINDOUNSI,5,SECTEUR,0070301,fra,TRUE,superadmin,now()
0070302,DABISS,4,DISTRICT,00703,fra,TRUE,superadmin,now()
007030201,DABISS CENTRE,5,SECTEUR,0070302,fra,TRUE,superadmin,now()
007030202,KANTCHOTCHO,5,SECTEUR,0070302,fra,TRUE,superadmin,now()
007030203,KISSOMAYA,5,SECTEUR,0070302,fra,TRUE,supe